"Election Name","County Name","Office Name","District Name","Party Name","Candidate Name","Votes","Yes Votes","No Votes","Election Day Votes","ElectionDay Yes Votes","Election Day No Votes","Mail Votes","Mail Yes Votes","Mail No Votes","Provisional Votes","Provisional Yes Votes","Provisional No Votes"
"2013 Municipal Election","ADAMS","Justice of the Supreme Court (Retention)","Statewide","","BAER, MAX","0","7,696","3,769","","","","","","","","",""
"2013 Municipal Election","ADAMS","Justice of the Supreme Court (Retention)","Statewide","","CASTILLE, RONALD D","0","8,186","3,447","","","","","","","","",""
"2013 Municipal Election","ADAMS","Judge of the Superior Court (Retention)","Statewide","","GANTMAN, SUSAN PEIKES","0","8,206","3,272","","","","","","","","",""
"2013 Municipal Election","ADAMS","Judge of the Superior Court (Retention)","Statewide","","PANELLA, JACK","0","7,583","3,769","","","","","","","","",""
"2013 Municipal Election","ADAMS","Judge of the Superior Court","Statewide","Republican","STABILE, VIC","8,937","0","0","","","","","","","","",""
"2013 Municipal Election","ADAMS","Judge of the Superior Court","Statewide","Democratic","MCVAY, JACK JR","5,178","0","0","","","","","","","","",""
"2013 Municipal Election","ALLEGHENY","Justice of the Supreme Court (Retention)","Statewide","","BAER, MAX","0","114,223","35,768","","","","","","","","",""
"2013 Municipal Election","ALLEGHENY","Justice of the Supreme Court (Retention)","Statewide","","CASTILLE, RONALD D","0","99,880","41,685","","","","","","","","",""
"2013 Municipal Election","ALLEGHENY","Judge of the Superior Court (Retention)","Statewide","","GANTMAN, SUSAN PEIKES","0","95,910","41,411","","","","","","","","",""
"2013 Municipal Election","ALLEGHENY","Judge of the Superior Court (Retention)","Statewide","","PANELLA, JACK","0","96,443","41,477","","","","","","","","",""
"2013 Municipal Election","ALLEGHENY","Judge of the Superior Court","Statewide","Republican","STABILE, VIC","66,908","0","0","","","","","","","","",""
"2013 Municipal Election","ALLEGHENY","Judge of the Superior Court","Statewide","Democratic","MCVAY, JACK JR","98,958","0","0","","","","","","","","",""
"2013 Municipal Election","ALLEGHENY","Judge of the Court of Common Pleas (Retention)","5th Judicial District (Allegheny County)","","FOLINO, RONALD W","0","96,120","39,512","","","","","","","","",""
"2013 Municipal Election","ALLEGHENY","Judge of the Court of Common Pleas (Retention)","5th Judicial District (Allegheny County)","","MULLIGAN, KATHLEEN R","0","98,445","37,893","","","","","","","","",""
"2013 Municipal Election","ALLEGHENY","Judge of the Court of Common Pleas (Retention)","5th Judicial District (Allegheny County)","","O'TOOLE, LAWRENCE J","0","99,199","37,677","","","","","","","","",""
"2013 Municipal Election","ALLEGHENY","Judge of the Court of Common Pleas (Retention)","5th Judicial District (Allegheny County)","","RANGOS, JILL E","0","97,811","38,767","","","","","","","","",""
"2013 Municipal Election","ALLEGHENY","Judge of the Court of Common Pleas (Retention)","5th Judicial District (Allegheny County)","","WARD, CHRISTINE","0","102,022","35,671","","","","","","","","",""
"2013 Municipal Election","ALLEGHENY","Judge of the Court of Common Pleas (Retention)","5th Judicial District (Allegheny County)","","ZOTTOLA, JOHN ANTHONY","0","98,506","38,960","","","","","","","","",""
"2013 Municipal Election","ALLEGHENY","Judge of the Court of Common Pleas","5th Judicial District (Allegheny County)","Republican","WARD, BILL","68,932","0","0","","","","","","","","",""
"2013 Municipal Election","ALLEGHENY","Judge of the Court of Common Pleas","5th Judicial District (Allegheny County)","Republican / Democratic","TRANQUILLI, MARK V","117,167","0","0","","","","","","","","",""
"2013 Municipal Election","ALLEGHENY","Judge of the Court of Common Pleas","5th Judicial District (Allegheny County)","Republican / Democratic","COZZA, PAUL E","108,740","0","0","","","","","","","","",""
"2013 Municipal Election","ALLEGHENY","Judge of the Court of Common Pleas","5th Judicial District (Allegheny County)","Republican","MURRAY, PJ","59,373","0","0","","","","","","","","",""
"2013 Municipal Election","ALLEGHENY","Judge of the Court of Common Pleas","5th Judicial District (Allegheny County)","Democratic","SATLER, JENNIFER","98,131","0","0","","","","","","","","",""
"2013 Municipal Election","ALLEGHENY","Judge of the Court of Common Pleas","5th Judicial District (Allegheny County)","Democratic","BUSH, ELEANOR","97,230","0","0","","","","","","","","",""
"2013 Municipal Election","ARMSTRONG","Justice of the Supreme Court (Retention)","Statewide","","BAER, MAX","0","8,013","3,621","","","","","","","","",""
"2013 Municipal Election","ARMSTRONG","Justice of the Supreme Court (Retention)","Statewide","","CASTILLE, RONALD D","0","7,163","4,121","","","","","","","","",""
"2013 Municipal Election","ARMSTRONG","Judge of the Superior Court (Retention)","Statewide","","GANTMAN, SUSAN PEIKES","0","7,135","4,065","","","","","","","","",""
"2013 Municipal Election","ARMSTRONG","Judge of the Superior Court (Retention)","Statewide","","PANELLA, JACK","0","7,078","4,121","","","","","","","","",""
"2013 Municipal Election","ARMSTRONG","Judge of the Superior Court","Statewide","Republican","STABILE, VIC","7,358","0","0","","","","","","","","",""
"2013 Municipal Election","ARMSTRONG","Judge of the Superior Court","Statewide","Democratic","MCVAY, JACK JR","4,674","0","0","","","","","","","","",""
"2013 Municipal Election","BEAVER","Justice of the Supreme Court (Retention)","Statewide","","BAER, MAX","0","15,313","4,889","","","","","","","","",""
"2013 Municipal Election","BEAVER","Justice of the Supreme Court (Retention)","Statewide","","CASTILLE, RONALD D","0","13,761","5,740","","","","","","","","",""
"2013 Municipal Election","BEAVER","Judge of the Superior Court (Retention)","Statewide","","GANTMAN, SUSAN PEIKES","0","13,736","5,601","","","","","","","","",""
"2013 Municipal Election","BEAVER","Judge of the Superior Court (Retention)","Statewide","","PANELLA, JACK","0","13,839","5,467","","","","","","","","",""
"2013 Municipal Election","BEAVER","Judge of the Superior Court","Statewide","Republican","STABILE, VIC","10,336","0","0","","","","","","","","",""
"2013 Municipal Election","BEAVER","Judge of the Superior Court","Statewide","Democratic","MCVAY, JACK JR","10,946","0","0","","","","","","","","",""
"2013 Municipal Election","BEAVER","Judge of the Court of Common Pleas (Retention)","36th Judicial District (Beaver County","","MANCINI, RICHARD","0","16,486","4,268","","","","","","","","",""
"2013 Municipal Election","BEAVER","Judge of the Court of Common Pleas","36th Judicial District (Beaver County","Republican / Democratic","ROSS, JAMES J","20,096","0","0","","","","","","","","",""
"2013 Municipal Election","BEDFORD","Justice of the Supreme Court (Retention)","Statewide","","BAER, MAX","0","4,896","2,064","","","","","","","","",""
"2013 Municipal Election","BEDFORD","Justice of the Supreme Court (Retention)","Statewide","","CASTILLE, RONALD D","0","4,354","2,390","","","","","","","","",""
"2013 Municipal Election","BEDFORD","Judge of the Superior Court (Retention)","Statewide","","GANTMAN, SUSAN PEIKES","0","4,284","2,403","","","","","","","","",""
"2013 Municipal Election","BEDFORD","Judge of the Superior Court (Retention)","Statewide","","PANELLA, JACK","0","4,229","2,459","","","","","","","","",""
"2013 Municipal Election","BEDFORD","Judge of the Superior Court","Statewide","Republican","STABILE, VIC","5,382","0","0","","","","","","","","",""
"2013 Municipal Election","BEDFORD","Judge of the Superior Court","Statewide","Democratic","MCVAY, JACK JR","2,379","0","0","","","","","","","","",""
"2013 Municipal Election","BERKS","Justice of the Supreme Court (Retention)","Statewide","","BAER, MAX","0","19,273","11,721","","","","","","","","",""
"2013 Municipal Election","BERKS","Justice of the Supreme Court (Retention)","Statewide","","CASTILLE, RONALD D","0","19,238","11,864","","","","","","","","",""
"2013 Municipal Election","BERKS","Judge of the Superior Court (Retention)","Statewide","","GANTMAN, SUSAN PEIKES","0","19,669","10,634","","","","","","","","",""
"2013 Municipal Election","BERKS","Judge of the Superior Court (Retention)","Statewide","","PANELLA, JACK","0","19,501","10,826","","","","","","","","",""
"2013 Municipal Election","BERKS","Judge of the Superior Court","Statewide","Republican","STABILE, VIC","23,530","0","0","","","","","","","","",""
"2013 Municipal Election","BERKS","Judge of the Superior Court","Statewide","Democratic","MCVAY, JACK JR","18,999","0","0","","","","","","","","",""
"2013 Municipal Election","BERKS","Judge of the Court of Common Pleas (Retention)","23rd Judicial District (Berks County)","","BUCCI, JAMES M","0","21,778","9,828","","","","","","","","",""
"2013 Municipal Election","BERKS","Judge of the Court of Common Pleas","23rd Judicial District (Berks County)","Republican","FUDEMAN, MADELYN S","26,076","0","0","","","","","","","","",""
"2013 Municipal Election","BERKS","Judge of the Court of Common Pleas","23rd Judicial District (Berks County)","Republican / Democratic","JOHNSON, THERESA","35,853","0","0","","","","","","","","",""
"2013 Municipal Election","BERKS","Judge of the Court of Common Pleas","23rd Judicial District (Berks County)","Democratic","DIMITRIOU GEISHAUSER, ELENI","21,058","0","0","","","","","","","","",""
"2013 Municipal Election","BLAIR","Justice of the Supreme Court (Retention)","Statewide","","BAER, MAX","0","9,409","3,464","","","","","","","","",""
"2013 Municipal Election","BLAIR","Justice of the Supreme Court (Retention)","Statewide","","CASTILLE, RONALD D","0","8,706","3,885","","","","","","","","",""
"2013 Municipal Election","BLAIR","Judge of the Superior Court (Retention)","Statewide","","GANTMAN, SUSAN PEIKES","0","8,585","3,912","","","","","","","","",""
"2013 Municipal Election","BLAIR","Judge of the Superior Court (Retention)","Statewide","","PANELLA, JACK","0","8,630","3,797","","","","","","","","",""
"2013 Municipal Election","BLAIR","Judge of the Superior Court","Statewide","Republican","STABILE, VIC","9,596","0","0","","","","","","","","",""
"2013 Municipal Election","BLAIR","Judge of the Superior Court","Statewide","Democratic","MCVAY, JACK JR","4,917","0","0","","","","","","","","",""
"2013 Municipal Election","BLAIR","Judge of the Court of Common Pleas (Retention)","24th Judicial District (Blair County)","","DOYLE, ELIZABETH A","0","10,614","2,906","","","","","","","","",""
"2013 Municipal Election","BLAIR","Judge of the Court of Common Pleas","24th Judicial District (Blair County)","Republican","KAGARISE, WADE A","13,160","0","0","","","","","","","","",""
"2013 Municipal Election","BRADFORD","Justice of the Supreme Court (Retention)","Statewide","","BAER, MAX","0","5,160","1,804","","","","","","","","",""
"2013 Municipal Election","BRADFORD","Justice of the Supreme Court (Retention)","Statewide","","CASTILLE, RONALD D","0","4,676","2,067","","","","","","","","",""
"2013 Municipal Election","BRADFORD","Judge of the Superior Court (Retention)","Statewide","","GANTMAN, SUSAN PEIKES","0","4,875","1,916","","","","","","","","",""
"2013 Municipal Election","BRADFORD","Judge of the Superior Court (Retention)","Statewide","","PANELLA, JACK","0","4,683","2,076","","","","","","","","",""
"2013 Municipal Election","BRADFORD","Judge of the Superior Court","Statewide","Republican","STABILE, VIC","5,100","0","0","","","","","","","","",""
"2013 Municipal Election","BRADFORD","Judge of the Superior Court","Statewide","Democratic","MCVAY, JACK JR","2,240","0","0","","","","","","","","",""
"2013 Municipal Election","BUCKS","Justice of the Supreme Court (Retention)","Statewide","","BAER, MAX","0","47,444","19,572","","","","","","","","",""
"2013 Municipal Election","BUCKS","Justice of the Supreme Court (Retention)","Statewide","","CASTILLE, RONALD D","0","49,057","19,289","","","","","","","","",""
"2013 Municipal Election","BUCKS","Judge of the Superior Court (Retention)","Statewide","","GANTMAN, SUSAN PEIKES","0","46,623","18,278","","","","","","","","",""
"2013 Municipal Election","BUCKS","Judge of the Superior Court (Retention)","Statewide","","PANELLA, JACK","0","47,180","18,190","","","","","","","","",""
"2013 Municipal Election","BUCKS","Judge of the Superior Court","Statewide","Republican","STABILE, VIC","49,643","0","0","","","","","","","","",""
"2013 Municipal Election","BUCKS","Judge of the Superior Court","Statewide","Democratic","MCVAY, JACK JR","41,802","0","0","","","","","","","","",""
"2013 Municipal Election","BUCKS","Judge of the Court of Common Pleas (Retention)","7th Judicial District (Bucks County)","","CEPPARULO, ALBERT J","0","49,982","16,240","","","","","","","","",""
"2013 Municipal Election","BUCKS","Judge of the Court of Common Pleas (Retention)","7th Judicial District (Bucks County)","","FRITSCH, C THEODORE JR","0","48,558","16,357","","","","","","","","",""
"2013 Municipal Election","BUCKS","Judge of the Court of Common Pleas (Retention)","7th Judicial District (Bucks County)","","WAITE, CLYDE W","0","48,420","16,994","","","","","","","","",""
"2013 Municipal Election","BUTLER","Justice of the Supreme Court (Retention)","Statewide","","BAER, MAX","0","13,493","6,232","","","","","","","","",""
"2013 Municipal Election","BUTLER","Justice of the Supreme Court (Retention)","Statewide","","CASTILLE, RONALD D","0","12,565","6,969","","","","","","","","",""
"2013 Municipal Election","BUTLER","Judge of the Superior Court (Retention)","Statewide","","GANTMAN, SUSAN PEIKES","0","12,595","7,022","","","","","","","","",""
"2013 Municipal Election","BUTLER","Judge of the Superior Court (Retention)","Statewide","","PANELLA, JACK","0","12,820","7,182","","","","","","","","",""
"2013 Municipal Election","BUTLER","Judge of the Superior Court","Statewide","Republican","STABILE, VIC","15,187","0","0","","","","","","","","",""
"2013 Municipal Election","BUTLER","Judge of the Superior Court","Statewide","Democratic","MCVAY, JACK JR","7,173","0","0","","","","","","","","",""
"2013 Municipal Election","CAMBRIA","Justice of the Supreme Court (Retention)","Statewide","","BAER, MAX","0","13,893","6,353","","","","","","","","",""
"2013 Municipal Election","CAMBRIA","Justice of the Supreme Court (Retention)","Statewide","","CASTILLE, RONALD D","0","12,549","7,287","","","","","","","","",""
"2013 Municipal Election","CAMBRIA","Judge of the Superior Court (Retention)","Statewide","","GANTMAN, SUSAN PEIKES","0","12,487","7,171","","","","","","","","",""
"2013 Municipal Election","CAMBRIA","Judge of the Superior Court (Retention)","Statewide","","PANELLA, JACK","0","12,294","7,331","","","","","","","","",""
"2013 Municipal Election","CAMBRIA","Judge of the Superior Court","Statewide","Republican","STABILE, VIC","9,554","0","0","","","","","","","","",""
"2013 Municipal Election","CAMBRIA","Judge of the Superior Court","Statewide","Democratic","MCVAY, JACK JR","10,927","0","0","","","","","","","","",""
"2013 Municipal Election","CAMBRIA","Judge of the Court of Common Pleas (Retention)","47th Judicial District (Cambria County)","","CREANY, TIMOTHY P","0","16,582","4,544","","","","","","","","",""
"2013 Municipal Election","CAMBRIA","Judge of the Court of Common Pleas (Retention)","47th Judicial District (Cambria County)","","KRUMENACKER, NORMAN A III","0","16,475","4,579","","","","","","","","",""
"2013 Municipal Election","CAMERON","Justice of the Supreme Court (Retention)","Statewide","","BAER, MAX","0","539","187","","","","","","","","",""
"2013 Municipal Election","CAMERON","Justice of the Supreme Court (Retention)","Statewide","","CASTILLE, RONALD D","0","471","223","","","","","","","","",""
"2013 Municipal Election","CAMERON","Judge of the Superior Court (Retention)","Statewide","","GANTMAN, SUSAN PEIKES","0","465","225","","","","","","","","",""
"2013 Municipal Election","CAMERON","Judge of the Superior Court (Retention)","Statewide","","PANELLA, JACK","0","477","213","","","","","","","","",""
"2013 Municipal Election","CAMERON","Judge of the Superior Court","Statewide","Republican","STABILE, VIC","466","0","0","","","","","","","","",""
"2013 Municipal Election","CAMERON","Judge of the Superior Court","Statewide","Democratic","MCVAY, JACK JR","302","0","0","","","","","","","","",""
"2013 Municipal Election","CAMERON","Judge of the Court of Common Pleas (Retention)","59th Judicial District (Cameron & Elk Counties)","","MASSON, RICHARD A","0","616","190","","","","","","","","",""
"2013 Municipal Election","CARBON","Justice of the Supreme Court (Retention)","Statewide","","BAER, MAX","0","5,309","2,767","","","","","","","","",""
"2013 Municipal Election","CARBON","Justice of the Supreme Court (Retention)","Statewide","","CASTILLE, RONALD D","0","4,886","2,930","","","","","","","","",""
"2013 Municipal Election","CARBON","Judge of the Superior Court (Retention)","Statewide","","GANTMAN, SUSAN PEIKES","0","4,882","2,825","","","","","","","","",""
"2013 Municipal Election","CARBON","Judge of the Superior Court (Retention)","Statewide","","PANELLA, JACK","0","4,969","2,780","","","","","","","","",""
"2013 Municipal Election","CARBON","Judge of the Superior Court","Statewide","Republican","STABILE, VIC","4,300","0","0","","","","","","","","",""
"2013 Municipal Election","CARBON","Judge of the Superior Court","Statewide","Democratic","MCVAY, JACK JR","4,101","0","0","","","","","","","","",""
"2013 Municipal Election","CENTRE","Justice of the Supreme Court (Retention)","Statewide","","BAER, MAX","0","10,583","3,778","","","","","","","","",""
"2013 Municipal Election","CENTRE","Justice of the Supreme Court (Retention)","Statewide","","CASTILLE, RONALD D","0","9,269","4,246","","","","","","","","",""
"2013 Municipal Election","CENTRE","Judge of the Superior Court (Retention)","Statewide","","GANTMAN, SUSAN PEIKES","0","9,862","3,996","","","","","","","","",""
"2013 Municipal Election","CENTRE","Judge of the Superior Court (Retention)","Statewide","","PANELLA, JACK","0","9,516","4,128","","","","","","","","",""
"2013 Municipal Election","CENTRE","Judge of the Superior Court","Statewide","Republican","STABILE, VIC","9,555","0","0","","","","","","","","",""
"2013 Municipal Election","CENTRE","Judge of the Superior Court","Statewide","Democratic","MCVAY, JACK JR","8,250","0","0","","","","","","","","",""
"2013 Municipal Election","CHESTER","Justice of the Supreme Court (Retention)","Statewide","","BAER, MAX","0","36,550","16,130","","","","","","","","",""
"2013 Municipal Election","CHESTER","Justice of the Supreme Court (Retention)","Statewide","","CASTILLE, RONALD D","0","37,683","16,643","","","","","","","","",""
"2013 Municipal Election","CHESTER","Judge of the Superior Court (Retention)","Statewide","","GANTMAN, SUSAN PEIKES","0","37,816","14,021","","","","","","","","",""
"2013 Municipal Election","CHESTER","Judge of the Superior Court (Retention)","Statewide","","PANELLA, JACK","0","36,570","14,692","","","","","","","","",""
"2013 Municipal Election","CHESTER","Judge of the Superior Court","Statewide","Republican","STABILE, VIC","39,707","0","0","","","","","","","","",""
"2013 Municipal Election","CHESTER","Judge of the Superior Court","Statewide","Democratic","MCVAY, JACK JR","32,130","0","0","","","","","","","","",""
"2013 Municipal Election","CHESTER","Judge of the Court of Common Pleas (Retention)","15th Judicial District (Chester County)","","CODY, JACQUELINE CARROLL","0","42,312","11,482","","","","","","","","",""
"2013 Municipal Election","CHESTER","Judge of the Court of Common Pleas (Retention)","15th Judicial District (Chester County)","","GRIFFITH, EDWARD","0","38,527","13,119","","","","","","","","",""
"2013 Municipal Election","CHESTER","Judge of the Court of Common Pleas (Retention)","15th Judicial District (Chester County)","","HALL, JOHN L","0","39,134","12,783","","","","","","","","",""
"2013 Municipal Election","CHESTER","Judge of the Court of Common Pleas (Retention)","15th Judicial District (Chester County)","","MACELREE, JAMES P II","0","40,511","13,118","","","","","","","","",""
"2013 Municipal Election","CHESTER","Judge of the Court of Common Pleas","15th Judicial District (Chester County)","Republican","CARMODY, PATRICK","41,191","0","0","","","","","","","","",""
"2013 Municipal Election","CHESTER","Judge of the Court of Common Pleas","15th Judicial District (Chester County)","Republican","SOMMER, JEFFREY R","36,819","0","0","","","","","","","","",""
"2013 Municipal Election","CHESTER","Judge of the Court of Common Pleas","15th Judicial District (Chester County)","Democratic","MALLOY-GOOD, JULIA","34,912","0","0","","","","","","","","",""
"2013 Municipal Election","CLARION","Justice of the Supreme Court (Retention)","Statewide","","BAER, MAX","0","4,282","2,286","","","","","","","","",""
"2013 Municipal Election","CLARION","Justice of the Supreme Court (Retention)","Statewide","","CASTILLE, RONALD D","0","3,905","2,506","","","","","","","","",""
"2013 Municipal Election","CLARION","Judge of the Superior Court (Retention)","Statewide","","GANTMAN, SUSAN PEIKES","0","3,874","2,501","","","","","","","","",""
"2013 Municipal Election","CLARION","Judge of the Superior Court (Retention)","Statewide","","PANELLA, JACK","0","3,818","2,560","","","","","","","","",""
"2013 Municipal Election","CLARION","Judge of the Superior Court","Statewide","Republican","STABILE, VIC","4,371","0","0","","","","","","","","",""
"2013 Municipal Election","CLARION","Judge of the Superior Court","Statewide","Democratic","MCVAY, JACK JR","2,346","0","0","","","","","","","","",""
"2013 Municipal Election","CLEARFIELD","Justice of the Supreme Court (Retention)","Statewide","","BAER, MAX","0","8,981","3,703","","","","","","","","",""
"2013 Municipal Election","CLEARFIELD","Justice of the Supreme Court (Retention)","Statewide","","CASTILLE, RONALD D","0","8,213","4,121","","","","","","","","",""
"2013 Municipal Election","CLEARFIELD","Judge of the Superior Court (Retention)","Statewide","","GANTMAN, SUSAN PEIKES","0","8,136","4,103","","","","","","","","",""
"2013 Municipal Election","CLEARFIELD","Judge of the Superior Court (Retention)","Statewide","","PANELLA, JACK","0","8,113","4,110","","","","","","","","",""
"2013 Municipal Election","CLEARFIELD","Judge of the Superior Court","Statewide","Republican","STABILE, VIC","7,941","0","0","","","","","","","","",""
"2013 Municipal Election","CLEARFIELD","Judge of the Superior Court","Statewide","Democratic","MCVAY, JACK JR","5,457","0","0","","","","","","","","",""
"2013 Municipal Election","CLEARFIELD","Judge of the Court of Common Pleas (Retention)","46th Judicial District (Clearfield County)","","CHERRY, PAUL E","0","10,191","3,068","","","","","","","","",""
"2013 Municipal Election","CLINTON","Justice of the Supreme Court (Retention)","Statewide","","BAER, MAX","0","3,772","1,644","","","","","","","","",""
"2013 Municipal Election","CLINTON","Justice of the Supreme Court (Retention)","Statewide","","CASTILLE, RONALD D","0","3,391","1,877","","","","","","","","",""
"2013 Municipal Election","CLINTON","Judge of the Superior Court (Retention)","Statewide","","GANTMAN, SUSAN PEIKES","0","3,473","1,766","","","","","","","","",""
"2013 Municipal Election","CLINTON","Judge of the Superior Court (Retention)","Statewide","","PANELLA, JACK","0","3,419","1,818","","","","","","","","",""
"2013 Municipal Election","CLINTON","Judge of the Superior Court","Statewide","Republican","STABILE, VIC","2,996","0","0","","","","","","","","",""
"2013 Municipal Election","CLINTON","Judge of the Superior Court","Statewide","Democratic","MCVAY, JACK JR","2,578","0","0","","","","","","","","",""
"2013 Municipal Election","CLINTON","Judge of the Court of Common Pleas","25th Judicial District (Clinton County)","Republican / Democratic","SALISBURY, MICHAEL F","5,693","0","0","","","","","","","","",""
"2013 Municipal Election","COLUMBIA","Justice of the Supreme Court (Retention)","Statewide","","BAER, MAX","0","4,508","1,976","","","","","","","","",""
"2013 Municipal Election","COLUMBIA","Justice of the Supreme Court (Retention)","Statewide","","CASTILLE, RONALD D","0","3,939","2,338","","","","","","","","",""
"2013 Municipal Election","COLUMBIA","Judge of the Superior Court (Retention)","Statewide","","GANTMAN, SUSAN PEIKES","0","4,053","2,181","","","","","","","","",""
"2013 Municipal Election","COLUMBIA","Judge of the Superior Court (Retention)","Statewide","","PANELLA, JACK","0","3,963","2,252","","","","","","","","",""
"2013 Municipal Election","COLUMBIA","Judge of the Superior Court","Statewide","Republican","STABILE, VIC","4,147","0","0","","","","","","","","",""
"2013 Municipal Election","COLUMBIA","Judge of the Superior Court","Statewide","Democratic","MCVAY, JACK JR","2,792","0","0","","","","","","","","",""
"2013 Municipal Election","CRAWFORD","Justice of the Supreme Court (Retention)","Statewide","","BAER, MAX","0","7,162","2,627","","","","","","","","",""
"2013 Municipal Election","CRAWFORD","Justice of the Supreme Court (Retention)","Statewide","","CASTILLE, RONALD D","0","6,571","2,894","","","","","","","","",""
"2013 Municipal Election","CRAWFORD","Judge of the Superior Court (Retention)","Statewide","","GANTMAN, SUSAN PEIKES","0","6,469","2,876","","","","","","","","",""
"2013 Municipal Election","CRAWFORD","Judge of the Superior Court (Retention)","Statewide","","PANELLA, JACK","0","6,416","2,870","","","","","","","","",""
"2013 Municipal Election","CRAWFORD","Judge of the Superior Court","Statewide","Republican","STABILE, VIC","6,787","0","0","","","","","","","","",""
"2013 Municipal Election","CRAWFORD","Judge of the Superior Court","Statewide","Democratic","MCVAY, JACK JR","4,356","0","0","","","","","","","","",""
"2013 Municipal Election","CUMBERLAND","Justice of the Supreme Court (Retention)","Statewide","","BAER, MAX","0","19,173","8,828","","","","","","","","",""
"2013 Municipal Election","CUMBERLAND","Justice of the Supreme Court (Retention)","Statewide","","CASTILLE, RONALD D","0","19,896","9,146","","","","","","","","",""
"2013 Municipal Election","CUMBERLAND","Judge of the Superior Court (Retention)","Statewide","","GANTMAN, SUSAN PEIKES","0","19,902","8,468","","","","","","","","",""
"2013 Municipal Election","CUMBERLAND","Judge of the Superior Court (Retention)","Statewide","","PANELLA, JACK","0","19,619","8,660","","","","","","","","",""
"2013 Municipal Election","CUMBERLAND","Judge of the Superior Court","Statewide","Republican","STABILE, VIC","20,424","0","0","","","","","","","","",""
"2013 Municipal Election","CUMBERLAND","Judge of the Superior Court","Statewide","Democratic","MCVAY, JACK JR","11,373","0","0","","","","","","","","",""
"2013 Municipal Election","DAUPHIN","Justice of the Supreme Court (Retention)","Statewide","","BAER, MAX","0","19,969","12,184","","","","","","","","",""
"2013 Municipal Election","DAUPHIN","Justice of the Supreme Court (Retention)","Statewide","","CASTILLE, RONALD D","0","20,548","12,144","","","","","","","","",""
"2013 Municipal Election","DAUPHIN","Judge of the Superior Court (Retention)","Statewide","","GANTMAN, SUSAN PEIKES","0","20,089","11,427","","","","","","","","",""
"2013 Municipal Election","DAUPHIN","Judge of the Superior Court (Retention)","Statewide","","PANELLA, JACK","0","20,241","11,322","","","","","","","","",""
"2013 Municipal Election","DAUPHIN","Judge of the Superior Court","Statewide","Republican","STABILE, VIC","20,642","0","0","","","","","","","","",""
"2013 Municipal Election","DAUPHIN","Judge of the Superior Court","Statewide","Democratic","MCVAY, JACK JR","16,990","0","0","","","","","","","","",""
"2013 Municipal Election","DAUPHIN","Judge of the Court of Common Pleas (Retention)","12th Judicial District (Dauphin County)","","EVANS, SCOTT ARTHUR","0","23,356","9,660","","","","","","","","",""
"2013 Municipal Election","DAUPHIN","Judge of the Court of Common Pleas (Retention)","12th Judicial District (Dauphin County)","","HOOVER, TODD A","0","25,659","8,139","","","","","","","","",""
"2013 Municipal Election","DAUPHIN","Judge of the Court of Common Pleas (Retention)","12th Judicial District (Dauphin County)","","LEWIS, RICH","0","26,174","7,927","","","","","","","","",""
"2013 Municipal Election","DAUPHIN","Judge of the Court of Common Pleas","12th Judicial District (Dauphin County)","Republican","TULLY, BILL","22,750","0","0","","","","","","","","",""
"2013 Municipal Election","DAUPHIN","Judge of the Court of Common Pleas","12th Judicial District (Dauphin County)","Democratic","GINGRICH CORNICK, ANNE","17,743","0","0","","","","","","","","",""
"2013 Municipal Election","DELAWARE","Justice of the Supreme Court (Retention)","Statewide","","BAER, MAX","0","39,318","18,369","","","","","","","","",""
"2013 Municipal Election","DELAWARE","Justice of the Supreme Court (Retention)","Statewide","","CASTILLE, RONALD D","0","41,073","17,949","","","","","","","","",""
"2013 Municipal Election","DELAWARE","Judge of the Superior Court (Retention)","Statewide","","GANTMAN, SUSAN PEIKES","0","38,880","16,136","","","","","","","","",""
"2013 Municipal Election","DELAWARE","Judge of the Superior Court (Retention)","Statewide","","PANELLA, JACK","0","38,125","15,654","","","","","","","","",""
"2013 Municipal Election","DELAWARE","Judge of the Superior Court","Statewide","Republican","STABILE, VIC","54,118","0","0","","","","","","","","",""
"2013 Municipal Election","DELAWARE","Judge of the Superior Court","Statewide","Democratic","MCVAY, JACK JR","47,668","0","0","","","","","","","","",""
"2013 Municipal Election","DELAWARE","Judge of the Court of Common Pleas (Retention)","32nd Judicial District (Delaware County)","","DOZOR, BARRY C","0","40,454","15,840","","","","","","","","",""
"2013 Municipal Election","DELAWARE","Judge of the Court of Common Pleas (Retention)","32nd Judicial District (Delaware County)","","JENKINS, PATRICIA H","0","42,240","14,393","","","","","","","","",""
"2013 Municipal Election","DELAWARE","Judge of the Court of Common Pleas (Retention)","32nd Judicial District (Delaware County)","","KENNEY, CHAD F","0","40,229","15,180","","","","","","","","",""
"2013 Municipal Election","DELAWARE","Judge of the Court of Common Pleas","32nd Judicial District (Delaware County)","Republican","MACKRIDES, WILLIAM CHIP","54,177","0","0","","","","","","","","",""
"2013 Municipal Election","DELAWARE","Judge of the Court of Common Pleas","32nd Judicial District (Delaware County)","Republican","CAPPELLI, RICHARD M","56,354","0","0","","","","","","","","",""
"2013 Municipal Election","DELAWARE","Judge of the Court of Common Pleas","32nd Judicial District (Delaware County)","Democratic","WALKER, NANCY A","46,946","0","0","","","","","","","","",""
"2013 Municipal Election","DELAWARE","Judge of the Court of Common Pleas","32nd Judicial District (Delaware County)","Democratic","CHANENSON, STEVE","43,018","0","0","","","","","","","","",""
"2013 Municipal Election","ELK","Justice of the Supreme Court (Retention)","Statewide","","BAER, MAX","0","4,008","1,800","","","","","","","","",""
"2013 Municipal Election","ELK","Justice of the Supreme Court (Retention)","Statewide","","CASTILLE, RONALD D","0","3,676","2,028","","","","","","","","",""
"2013 Municipal Election","ELK","Judge of the Superior Court (Retention)","Statewide","","GANTMAN, SUSAN PEIKES","0","3,763","2,006","","","","","","","","",""
"2013 Municipal Election","ELK","Judge of the Superior Court (Retention)","Statewide","","PANELLA, JACK","0","3,748","2,074","","","","","","","","",""
"2013 Municipal Election","ELK","Judge of the Superior Court","Statewide","Republican","STABILE, VIC","3,330","0","0","","","","","","","","",""
"2013 Municipal Election","ELK","Judge of the Superior Court","Statewide","Democratic","MCVAY, JACK JR","2,890","0","0","","","","","","","","",""
"2013 Municipal Election","ELK","Judge of the Court of Common Pleas (Retention)","59th Judicial District (Cameron & Elk Counties)","","MASSON, RICHARD A","0","5,157","1,352","","","","","","","","",""
"2013 Municipal Election","ERIE","Justice of the Supreme Court (Retention)","Statewide","","BAER, MAX","0","35,145","11,041","","","","","","","","",""
"2013 Municipal Election","ERIE","Justice of the Supreme Court (Retention)","Statewide","","CASTILLE, RONALD D","0","31,989","12,256","","","","","","","","",""
"2013 Municipal Election","ERIE","Judge of the Superior Court (Retention)","Statewide","","GANTMAN, SUSAN PEIKES","0","31,856","11,955","","","","","","","","",""
"2013 Municipal Election","ERIE","Judge of the Superior Court (Retention)","Statewide","","PANELLA, JACK","0","32,339","11,825","","","","","","","","",""
"2013 Municipal Election","ERIE","Judge of the Superior Court","Statewide","Republican","STABILE, VIC","22,597","0","0","","","","","","","","",""
"2013 Municipal Election","ERIE","Judge of the Superior Court","Statewide","Democratic","MCVAY, JACK JR","27,051","0","0","","","","","","","","",""
"2013 Municipal Election","ERIE","Judge of the Court of Common Pleas","6th Judicial District (Erie County)","Republican","SAMBROAK, BOB","31,031","0","0","","","","","","","","",""
"2013 Municipal Election","ERIE","Judge of the Court of Common Pleas","6th Judicial District (Erie County)","Democratic","KELLY, BILL JR","23,534","0","0","","","","","","","","",""
"2013 Municipal Election","FAYETTE","Justice of the Supreme Court (Retention)","Statewide","","BAER, MAX","0","9,826","2,692","","","","","","","","",""
"2013 Municipal Election","FAYETTE","Justice of the Supreme Court (Retention)","Statewide","","CASTILLE, RONALD D","0","8,321","3,212","","","","","","","","",""
"2013 Municipal Election","FAYETTE","Judge of the Superior Court (Retention)","Statewide","","GANTMAN, SUSAN PEIKES","0","8,108","3,163","","","","","","","","",""
"2013 Municipal Election","FAYETTE","Judge of the Superior Court (Retention)","Statewide","","PANELLA, JACK","0","8,296","3,150","","","","","","","","",""
"2013 Municipal Election","FAYETTE","Judge of the Superior Court","Statewide","Republican","STABILE, VIC","6,425","0","0","","","","","","","","",""
"2013 Municipal Election","FAYETTE","Judge of the Superior Court","Statewide","Democratic","MCVAY, JACK JR","8,686","0","0","","","","","","","","",""
"2013 Municipal Election","FAYETTE","Judge of the Court of Common Pleas","14th Judicial District (Fayette County)","Republican / Democratic","CORDARO, LINDA","12,654","0","0","","","","","","","","",""
"2013 Municipal Election","FAYETTE","Judge of the Court of Common Pleas","14th Judicial District (Fayette County)","Republican / Democratic","GEORGE, JOSEPH JR","11,622","0","0","","","","","","","","",""
"2013 Municipal Election","FOREST","Justice of the Supreme Court (Retention)","Statewide","","BAER, MAX","0","1,194","470","","","","","","","","",""
"2013 Municipal Election","FOREST","Justice of the Supreme Court (Retention)","Statewide","","CASTILLE, RONALD D","0","1,072","544","","","","","","","","",""
"2013 Municipal Election","FOREST","Judge of the Superior Court (Retention)","Statewide","","GANTMAN, SUSAN PEIKES","0","1,065","541","","","","","","","","",""
"2013 Municipal Election","FOREST","Judge of the Superior Court (Retention)","Statewide","","PANELLA, JACK","0","1,085","528","","","","","","","","",""
"2013 Municipal Election","FOREST","Judge of the Superior Court","Statewide","Republican","STABILE, VIC","1,014","0","0","","","","","","","","",""
"2013 Municipal Election","FOREST","Judge of the Superior Court","Statewide","Democratic","MCVAY, JACK JR","710","0","0","","","","","","","","",""
"2013 Municipal Election","FRANKLIN","Justice of the Supreme Court (Retention)","Statewide","","BAER, MAX","0","11,012","3,823","","","","","","","","",""
"2013 Municipal Election","FRANKLIN","Justice of the Supreme Court (Retention)","Statewide","","CASTILLE, RONALD D","0","10,935","3,895","","","","","","","","",""
"2013 Municipal Election","FRANKLIN","Judge of the Superior Court (Retention)","Statewide","","GANTMAN, SUSAN PEIKES","0","10,779","3,861","","","","","","","","",""
"2013 Municipal Election","FRANKLIN","Judge of the Superior Court (Retention)","Statewide","","PANELLA, JACK","0","10,585","3,953","","","","","","","","",""
"2013 Municipal Election","FRANKLIN","Judge of the Superior Court","Statewide","Republican","STABILE, VIC","11,587","0","0","","","","","","","","",""
"2013 Municipal Election","FRANKLIN","Judge of the Superior Court","Statewide","Democratic","MCVAY, JACK JR","4,964","0","0","","","","","","","","",""
"2013 Municipal Election","FRANKLIN","Judge of the Court of Common Pleas (Retention)","39th Judicial District (Franklin & Fulton Counties)","","HERMAN, DOUGLAS W","0","12,605","2,792","","","","","","","","",""
"2013 Municipal Election","FRANKLIN","Judge of the Court of Common Pleas","39th Judicial District (Franklin & Fulton Counties)","Republican","ZOOK, JEREMIAH","9,805","0","0","","","","","","","","",""
"2013 Municipal Election","FRANKLIN","Judge of the Court of Common Pleas","39th Judicial District (Franklin & Fulton Counties)","Democratic","EVANS, JEFFREY S","7,815","0","0","","","","","","","","",""
"2013 Municipal Election","FULTON","Justice of the Supreme Court (Retention)","Statewide","","BAER, MAX","0","1,254","513","","","","","","","","",""
"2013 Municipal Election","FULTON","Justice of the Supreme Court (Retention)","Statewide","","CASTILLE, RONALD D","0","1,233","518","","","","","","","","",""
"2013 Municipal Election","FULTON","Judge of the Superior Court (Retention)","Statewide","","GANTMAN, SUSAN PEIKES","0","1,187","543","","","","","","","","",""
"2013 Municipal Election","FULTON","Judge of the Superior Court (Retention)","Statewide","","PANELLA, JACK","0","1,204","532","","","","","","","","",""
"2013 Municipal Election","FULTON","Judge of the Superior Court","Statewide","Republican","STABILE, VIC","1,378","0","0","","","","","","","","",""
"2013 Municipal Election","FULTON","Judge of the Superior Court","Statewide","Democratic","MCVAY, JACK JR","575","0","0","","","","","","","","",""
"2013 Municipal Election","FULTON","Judge of the Court of Common Pleas (Retention)","39th Judicial District (Franklin & Fulton Counties)","","HERMAN, DOUGLAS W","0","1,519","372","","","","","","","","",""
"2013 Municipal Election","FULTON","Judge of the Court of Common Pleas","39th Judicial District (Franklin & Fulton Counties)","Republican","ZOOK, JEREMIAH","1,458","0","0","","","","","","","","",""
"2013 Municipal Election","FULTON","Judge of the Court of Common Pleas","39th Judicial District (Franklin & Fulton Counties)","Democratic","EVANS, JEFFREY S","684","0","0","","","","","","","","",""
"2013 Municipal Election","GREENE","Justice of the Supreme Court (Retention)","Statewide","","BAER, MAX","0","3,300","1,299","","","","","","","","",""
"2013 Municipal Election","GREENE","Justice of the Supreme Court (Retention)","Statewide","","CASTILLE, RONALD D","0","3,071","1,407","","","","","","","","",""
"2013 Municipal Election","GREENE","Judge of the Superior Court (Retention)","Statewide","","GANTMAN, SUSAN PEIKES","0","2,964","1,423","","","","","","","","",""
"2013 Municipal Election","GREENE","Judge of the Superior Court (Retention)","Statewide","","PANELLA, JACK","0","2,935","1,443","","","","","","","","",""
"2013 Municipal Election","GREENE","Judge of the Superior Court","Statewide","Republican","STABILE, VIC","2,011","0","0","","","","","","","","",""
"2013 Municipal Election","GREENE","Judge of the Superior Court","Statewide","Democratic","MCVAY, JACK JR","2,829","0","0","","","","","","","","",""
"2013 Municipal Election","HUNTINGDON","Justice of the Supreme Court (Retention)","Statewide","","BAER, MAX","0","3,841","1,630","","","","","","","","",""
"2013 Municipal Election","HUNTINGDON","Justice of the Supreme Court (Retention)","Statewide","","CASTILLE, RONALD D","0","3,457","1,842","","","","","","","","",""
"2013 Municipal Election","HUNTINGDON","Judge of the Superior Court (Retention)","Statewide","","GANTMAN, SUSAN PEIKES","0","3,467","1,796","","","","","","","","",""
"2013 Municipal Election","HUNTINGDON","Judge of the Superior Court (Retention)","Statewide","","PANELLA, JACK","0","3,454","1,801","","","","","","","","",""
"2013 Municipal Election","HUNTINGDON","Judge of the Superior Court","Statewide","Republican","STABILE, VIC","4,422","0","0","","","","","","","","",""
"2013 Municipal Election","HUNTINGDON","Judge of the Superior Court","Statewide","Democratic","MCVAY, JACK JR","1,947","0","0","","","","","","","","",""
"2013 Municipal Election","HUNTINGDON","Judge of the Court of Common Pleas","20th Judicial District (Huntingdon County)","Republican / Democratic","ZANIC, GEORGE","6,272","0","0","","","","","","","","",""
"2013 Municipal Election","INDIANA","Justice of the Supreme Court (Retention)","Statewide","","BAER, MAX","0","8,854","3,160","","","","","","","","",""
"2013 Municipal Election","INDIANA","Justice of the Supreme Court (Retention)","Statewide","","CASTILLE, RONALD D","0","8,056","3,646","","","","","","","","",""
"2013 Municipal Election","INDIANA","Judge of the Superior Court (Retention)","Statewide","","GANTMAN, SUSAN PEIKES","0","7,836","3,686","","","","","","","","",""
"2013 Municipal Election","INDIANA","Judge of the Superior Court (Retention)","Statewide","","PANELLA, JACK","0","7,870","3,623","","","","","","","","",""
"2013 Municipal Election","INDIANA","Judge of the Superior Court","Statewide","Republican","STABILE, VIC","7,375","0","0","","","","","","","","",""
"2013 Municipal Election","INDIANA","Judge of the Superior Court","Statewide","Democratic","MCVAY, JACK JR","5,124","0","0","","","","","","","","",""
"2013 Municipal Election","INDIANA","Judge of the Court of Common Pleas (Retention)","40th Judicial District (Indiana County)","","HANNA, CAROL","0","9,334","3,128","","","","","","","","",""
"2013 Municipal Election","JEFFERSON","Justice of the Supreme Court (Retention)","Statewide","","BAER, MAX","0","4,791","2,461","","","","","","","","",""
"2013 Municipal Election","JEFFERSON","Justice of the Supreme Court (Retention)","Statewide","","CASTILLE, RONALD D","0","4,415","2,714","","","","","","","","",""
"2013 Municipal Election","JEFFERSON","Judge of the Superior Court (Retention)","Statewide","","GANTMAN, SUSAN PEIKES","0","4,207","2,763","","","","","","","","",""
"2013 Municipal Election","JEFFERSON","Judge of the Superior Court (Retention)","Statewide","","PANELLA, JACK","0","4,289","2,800","","","","","","","","",""
"2013 Municipal Election","JEFFERSON","Judge of the Superior Court","Statewide","Republican","STABILE, VIC","4,964","0","0","","","","","","","","",""
"2013 Municipal Election","JEFFERSON","Judge of the Superior Court","Statewide","Democratic","MCVAY, JACK JR","2,531","0","0","","","","","","","","",""
"2013 Municipal Election","JUNIATA","Justice of the Supreme Court (Retention)","Statewide","","BAER, MAX","0","2,697","1,523","","","","","","","","",""
"2013 Municipal Election","JUNIATA","Justice of the Supreme Court (Retention)","Statewide","","CASTILLE, RONALD D","0","2,818","1,457","","","","","","","","",""
"2013 Municipal Election","JUNIATA","Judge of the Superior Court (Retention)","Statewide","","GANTMAN, SUSAN PEIKES","0","2,687","1,493","","","","","","","","",""
"2013 Municipal Election","JUNIATA","Judge of the Superior Court (Retention)","Statewide","","PANELLA, JACK","0","2,665","1,523","","","","","","","","",""
"2013 Municipal Election","JUNIATA","Judge of the Superior Court","Statewide","Republican","STABILE, VIC","2,987","0","0","","","","","","","","",""
"2013 Municipal Election","JUNIATA","Judge of the Superior Court","Statewide","Democratic","MCVAY, JACK JR","1,342","0","0","","","","","","","","",""
"2013 Municipal Election","LACKAWANNA","Justice of the Supreme Court (Retention)","Statewide","","BAER, MAX","0","25,731","8,367","","","","","","","","",""
"2013 Municipal Election","LACKAWANNA","Justice of the Supreme Court (Retention)","Statewide","","CASTILLE, RONALD D","0","22,163","9,959","","","","","","","","",""
"2013 Municipal Election","LACKAWANNA","Judge of the Superior Court (Retention)","Statewide","","GANTMAN, SUSAN PEIKES","0","22,211","9,275","","","","","","","","",""
"2013 Municipal Election","LACKAWANNA","Judge of the Superior Court (Retention)","Statewide","","PANELLA, JACK","0","22,488","9,173","","","","","","","","",""
"2013 Municipal Election","LACKAWANNA","Judge of the Superior Court","Statewide","Republican","STABILE, VIC","14,261","0","0","","","","","","","","",""
"2013 Municipal Election","LACKAWANNA","Judge of the Superior Court","Statewide","Democratic","MCVAY, JACK JR","23,675","0","0","","","","","","","","",""
"2013 Municipal Election","LACKAWANNA","Judge of the Court of Common Pleas","45th Judicial District (Lackawanna County)","Republican / Democratic","GIBBONS, JAMES A","35,492","0","0","","","","","","","","",""
"2013 Municipal Election","LANCASTER","Justice of the Supreme Court (Retention)","Statewide","","BAER, MAX","0","29,584","9,520","","","","","","","","",""
"2013 Municipal Election","LANCASTER","Justice of the Supreme Court (Retention)","Statewide","","CASTILLE, RONALD D","0","29,497","10,125","","","","","","","","",""
"2013 Municipal Election","LANCASTER","Judge of the Superior Court (Retention)","Statewide","","GANTMAN, SUSAN PEIKES","0","29,276","8,682","","","","","","","","",""
"2013 Municipal Election","LANCASTER","Judge of the Superior Court (Retention)","Statewide","","PANELLA, JACK","0","28,799","9,374","","","","","","","","",""
"2013 Municipal Election","LANCASTER","Judge of the Superior Court","Statewide","Republican","STABILE, VIC","30,641","0","0","","","","","","","","",""
"2013 Municipal Election","LANCASTER","Judge of the Superior Court","Statewide","Democratic","MCVAY, JACK JR","17,973","0","0","","","","","","","","",""
"2013 Municipal Election","LANCASTER","Judge of the Court of Common Pleas (Retention)","2nd Judicial District (Lancaster County)","","CULLEN, JAMES P","0","30,747","9,054","","","","","","","","",""
"2013 Municipal Election","LANCASTER","Judge of the Court of Common Pleas (Retention)","2nd Judicial District (Lancaster County)","","WORKMAN, DAVID R","0","31,315","8,290","","","","","","","","",""
"2013 Municipal Election","LANCASTER","Judge of the Court of Common Pleas","2nd Judicial District (Lancaster County)","Republican / Democratic","SPAHN, MERRILL M JR","46,145","0","0","","","","","","","","",""
"2013 Municipal Election","LAWRENCE","Justice of the Supreme Court (Retention)","Statewide","","BAER, MAX","0","7,505","2,787","","","","","","","","",""
"2013 Municipal Election","LAWRENCE","Justice of the Supreme Court (Retention)","Statewide","","CASTILLE, RONALD D","0","6,933","3,177","","","","","","","","",""
"2013 Municipal Election","LAWRENCE","Judge of the Superior Court (Retention)","Statewide","","GANTMAN, SUSAN PEIKES","0","6,869","3,116","","","","","","","","",""
"2013 Municipal Election","LAWRENCE","Judge of the Superior Court (Retention)","Statewide","","PANELLA, JACK","0","7,014","3,075","","","","","","","","",""
"2013 Municipal Election","LAWRENCE","Judge of the Superior Court","Statewide","Republican","STABILE, VIC","5,638","0","0","","","","","","","","",""
"2013 Municipal Election","LAWRENCE","Judge of the Superior Court","Statewide","Democratic","MCVAY, JACK JR","5,198","0","0","","","","","","","","",""
"2013 Municipal Election","LEBANON","Justice of the Supreme Court (Retention)","Statewide","","BAER, MAX","0","8,596","4,981","","","","","","","","",""
"2013 Municipal Election","LEBANON","Justice of the Supreme Court (Retention)","Statewide","","CASTILLE, RONALD D","0","9,045","4,857","","","","","","","","",""
"2013 Municipal Election","LEBANON","Judge of the Superior Court (Retention)","Statewide","","GANTMAN, SUSAN PEIKES","0","8,832","4,742","","","","","","","","",""
"2013 Municipal Election","LEBANON","Judge of the Superior Court (Retention)","Statewide","","PANELLA, JACK","0","8,701","4,848","","","","","","","","",""
"2013 Municipal Election","LEBANON","Judge of the Superior Court","Statewide","Republican","STABILE, VIC","10,488","0","0","","","","","","","","",""
"2013 Municipal Election","LEBANON","Judge of the Superior Court","Statewide","Democratic","MCVAY, JACK JR","4,449","0","0","","","","","","","","",""
"2013 Municipal Election","LEHIGH","Justice of the Supreme Court (Retention)","Statewide","","BAER, MAX","0","24,095","13,501","","","","","","","","",""
"2013 Municipal Election","LEHIGH","Justice of the Supreme Court (Retention)","Statewide","","CASTILLE, RONALD D","0","22,797","14,760","","","","","","","","",""
"2013 Municipal Election","LEHIGH","Judge of the Superior Court (Retention)","Statewide","","GANTMAN, SUSAN PEIKES","0","24,788","11,621","","","","","","","","",""
"2013 Municipal Election","LEHIGH","Judge of the Superior Court (Retention)","Statewide","","PANELLA, JACK","0","24,725","11,797","","","","","","","","",""
"2013 Municipal Election","LEHIGH","Judge of the Superior Court","Statewide","Republican","STABILE, VIC","21,323","0","0","","","","","","","","",""
"2013 Municipal Election","LEHIGH","Judge of the Superior Court","Statewide","Democratic","MCVAY, JACK JR","20,365","0","0","","","","","","","","",""
"2013 Municipal Election","LEHIGH","Judge of the Court of Common Pleas (Retention)","31st Judicial District (Lehigh County)","","BANACH, KELLY L","0","26,945","10,136","","","","","","","","",""
"2013 Municipal Election","LEHIGH","Judge of the Court of Common Pleas (Retention)","31st Judicial District (Lehigh County)","","JOHNSON, BRIAN","0","26,730","10,091","","","","","","","","",""
"2013 Municipal Election","LUZERNE","Justice of the Supreme Court (Retention)","Statewide","","BAER, MAX","0","27,403","12,012","","","","","","","","",""
"2013 Municipal Election","LUZERNE","Justice of the Supreme Court (Retention)","Statewide","","CASTILLE, RONALD D","0","23,248","13,749","","","","","","","","",""
"2013 Municipal Election","LUZERNE","Judge of the Superior Court (Retention)","Statewide","","GANTMAN, SUSAN PEIKES","0","23,407","13,081","","","","","","","","",""
"2013 Municipal Election","LUZERNE","Judge of the Superior Court (Retention)","Statewide","","PANELLA, JACK","0","23,451","13,213","","","","","","","","",""
"2013 Municipal Election","LUZERNE","Judge of the Superior Court","Statewide","Republican","STABILE, VIC","19,072","0","0","","","","","","","","",""
"2013 Municipal Election","LUZERNE","Judge of the Superior Court","Statewide","Democratic","MCVAY, JACK JR","20,604","0","0","","","","","","","","",""
"2013 Municipal Election","LYCOMING","Justice of the Supreme Court (Retention)","Statewide","","BAER, MAX","0","10,180","4,034","","","","","","","","",""
"2013 Municipal Election","LYCOMING","Justice of the Supreme Court (Retention)","Statewide","","CASTILLE, RONALD D","0","8,996","4,780","","","","","","","","",""
"2013 Municipal Election","LYCOMING","Judge of the Superior Court (Retention)","Statewide","","GANTMAN, SUSAN PEIKES","0","9,021","4,630","","","","","","","","",""
"2013 Municipal Election","LYCOMING","Judge of the Superior Court (Retention)","Statewide","","PANELLA, JACK","0","8,977","4,618","","","","","","","","",""
"2013 Municipal Election","LYCOMING","Judge of the Superior Court","Statewide","Republican","STABILE, VIC","10,334","0","0","","","","","","","","",""
"2013 Municipal Election","LYCOMING","Judge of the Superior Court","Statewide","Democratic","MCVAY, JACK JR","4,496","0","0","","","","","","","","",""
"2013 Municipal Election","LYCOMING","Judge of the Court of Common Pleas (Retention)","29th Judicial District (Lycoming County)","","GRAY, RICHARD A","0","11,429","3,100","","","","","","","","",""
"2013 Municipal Election","McKEAN","Justice of the Supreme Court (Retention)","Statewide","","BAER, MAX","0","3,615","1,260","","","","","","","","",""
"2013 Municipal Election","McKEAN","Justice of the Supreme Court (Retention)","Statewide","","CASTILLE, RONALD D","0","3,535","1,295","","","","","","","","",""
"2013 Municipal Election","McKEAN","Judge of the Superior Court (Retention)","Statewide","","GANTMAN, SUSAN PEIKES","0","3,479","1,307","","","","","","","","",""
"2013 Municipal Election","McKEAN","Judge of the Superior Court (Retention)","Statewide","","PANELLA, JACK","0","3,457","1,310","","","","","","","","",""
"2013 Municipal Election","McKEAN","Judge of the Superior Court","Statewide","Republican","STABILE, VIC","3,489","0","0","","","","","","","","",""
"2013 Municipal Election","McKEAN","Judge of the Superior Court","Statewide","Democratic","MCVAY, JACK JR","1,843","0","0","","","","","","","","",""
"2013 Municipal Election","MERCER","Justice of the Supreme Court (Retention)","Statewide","","BAER, MAX","0","11,430","4,396","","","","","","","","",""
"2013 Municipal Election","MERCER","Justice of the Supreme Court (Retention)","Statewide","","CASTILLE, RONALD D","0","11,174","4,443","","","","","","","","",""
"2013 Municipal Election","MERCER","Judge of the Superior Court (Retention)","Statewide","","GANTMAN, SUSAN PEIKES","0","11,093","4,387","","","","","","","","",""
"2013 Municipal Election","MERCER","Judge of the Superior Court (Retention)","Statewide","","PANELLA, JACK","0","10,829","4,455","","","","","","","","",""
"2013 Municipal Election","MERCER","Judge of the Superior Court","Statewide","Republican","STABILE, VIC","9,977","0","0","","","","","","","","",""
"2013 Municipal Election","MERCER","Judge of the Superior Court","Statewide","Democratic","MCVAY, JACK JR","8,001","0","0","","","","","","","","",""
"2013 Municipal Election","MERCER","Judge of the Court of Common Pleas (Retention)","35th Judicial District (Mercer County)","","ST JOHN, CHRISTOPHER J","0","14,355","3,279","","","","","","","","",""
"2013 Municipal Election","MERCER","Judge of the Court of Common Pleas","35th Judicial District (Mercer County)","Republican","WALLACE, DANIEL P","12,202","0","0","","","","","","","","",""
"2013 Municipal Election","MERCER","Judge of the Court of Common Pleas","35th Judicial District (Mercer County)","Democratic","HEUTSCHE, VICTOR S","7,357","0","0","","","","","","","","",""
"2013 Municipal Election","MIFFLIN","Justice of the Supreme Court (Retention)","Statewide","","BAER, MAX","0","3,708","2,498","","","","","","","","",""
"2013 Municipal Election","MIFFLIN","Justice of the Supreme Court (Retention)","Statewide","","CASTILLE, RONALD D","0","3,672","2,524","","","","","","","","",""
"2013 Municipal Election","MIFFLIN","Judge of the Superior Court (Retention)","Statewide","","GANTMAN, SUSAN PEIKES","0","3,622","2,458","","","","","","","","",""
"2013 Municipal Election","MIFFLIN","Judge of the Superior Court (Retention)","Statewide","","PANELLA, JACK","0","3,536","2,531","","","","","","","","",""
"2013 Municipal Election","MIFFLIN","Judge of the Superior Court","Statewide","Republican","STABILE, VIC","5,208","0","0","","","","","","","","",""
"2013 Municipal Election","MIFFLIN","Judge of the Superior Court","Statewide","Democratic","MCVAY, JACK JR","2,252","0","0","","","","","","","","",""
"2013 Municipal Election","MIFFLIN","Judge of the Court of Common Pleas","58th Judicial District (Mifflin County)","Republican","BARRON, DAVE","4,619","0","0","","","","","","","","",""
"2013 Municipal Election","MIFFLIN","Judge of the Court of Common Pleas","58th Judicial District (Mifflin County)","Democratic","SEARER, TIMOTHY S","3,942","0","0","","","","","","","","",""
"2013 Municipal Election","MONROE","Justice of the Supreme Court (Retention)","Statewide","","BAER, MAX","0","7,807","3,367","","","","","","","","",""
"2013 Municipal Election","MONROE","Justice of the Supreme Court (Retention)","Statewide","","CASTILLE, RONALD D","0","6,923","3,733","","","","","","","","",""
"2013 Municipal Election","MONROE","Judge of the Superior Court (Retention)","Statewide","","GANTMAN, SUSAN PEIKES","0","7,168","3,376","","","","","","","","",""
"2013 Municipal Election","MONROE","Judge of the Superior Court (Retention)","Statewide","","PANELLA, JACK","0","7,345","3,327","","","","","","","","",""
"2013 Municipal Election","MONROE","Judge of the Superior Court","Statewide","Republican","STABILE, VIC","7,644","0","0","","","","","","","","",""
"2013 Municipal Election","MONROE","Judge of the Superior Court","Statewide","Democratic","MCVAY, JACK JR","6,950","0","0","","","","","","","","",""
"2013 Municipal Election","MONTGOMERY","Justice of the Supreme Court (Retention)","Statewide","","BAER, MAX","0","49,009","19,641","","","","","","","","",""
"2013 Municipal Election","MONTGOMERY","Justice of the Supreme Court (Retention)","Statewide","","CASTILLE, RONALD D","0","52,828","20,412","","","","","","","","",""
"2013 Municipal Election","MONTGOMERY","Judge of the Superior Court (Retention)","Statewide","","GANTMAN, SUSAN PEIKES","0","51,235","16,424","","","","","","","","",""
"2013 Municipal Election","MONTGOMERY","Judge of the Superior Court (Retention)","Statewide","","PANELLA, JACK","0","47,374","17,665","","","","","","","","",""
"2013 Municipal Election","MONTGOMERY","Judge of the Superior Court","Statewide","Republican","STABILE, VIC","57,713","0","0","","","","","","","","",""
"2013 Municipal Election","MONTGOMERY","Judge of the Superior Court","Statewide","Democratic","MCVAY, JACK JR","61,857","0","0","","","","","","","","",""
"2013 Municipal Election","MONTGOMERY","Judge of the Court of Common Pleas (Retention)","38th Judicial District (Montgomery County)","","CARPENTER, WILLIAM R","0","51,206","16,201","","","","","","","","",""
"2013 Municipal Election","MONTGOMERY","Judge of the Court of Common Pleas (Retention)","38th Judicial District (Montgomery County)","","FURBER, WILLIAM J JR","0","49,619","16,446","","","","","","","","",""
"2013 Municipal Election","MONTGOMERY","Judge of the Court of Common Pleas (Retention)","38th Judicial District (Montgomery County)","","O'NEILL, STEVEN T","0","50,529","15,997","","","","","","","","",""
"2013 Municipal Election","MONTGOMERY","Judge of the Court of Common Pleas (Retention)","38th Judicial District (Montgomery County)","","ROGERS, THOMAS P","0","50,460","16,025","","","","","","","","",""
"2013 Municipal Election","MONTGOMERY","Judge of the Court of Common Pleas","38th Judicial District (Montgomery County)","Republican","GIAMPORCARO, SHARON","58,596","0","0","","","","","","","","",""
"2013 Municipal Election","MONTGOMERY","Judge of the Court of Common Pleas","38th Judicial District (Montgomery County)","Republican","COGGINS, MAUREEN","59,911","0","0","","","","","","","","",""
"2013 Municipal Election","MONTGOMERY","Judge of the Court of Common Pleas","38th Judicial District (Montgomery County)","Democratic","WEILHEIMER, GAIL","63,028","0","0","","","","","","","","",""
"2013 Municipal Election","MONTGOMERY","Judge of the Court of Common Pleas","38th Judicial District (Montgomery County)","Democratic","TOLLIVER, STEVEN C","61,639","0","0","","","","","","","","",""
"2013 Municipal Election","MONTOUR","Justice of the Supreme Court (Retention)","Statewide","","BAER, MAX","0","1,837","632","","","","","","","","",""
"2013 Municipal Election","MONTOUR","Justice of the Supreme Court (Retention)","Statewide","","CASTILLE, RONALD D","0","1,619","761","","","","","","","","",""
"2013 Municipal Election","MONTOUR","Judge of the Superior Court (Retention)","Statewide","","GANTMAN, SUSAN PEIKES","0","1,680","687","","","","","","","","",""
"2013 Municipal Election","MONTOUR","Judge of the Superior Court (Retention)","Statewide","","PANELLA, JACK","0","1,620","732","","","","","","","","",""
"2013 Municipal Election","MONTOUR","Judge of the Superior Court","Statewide","Republican","STABILE, VIC","1,685","0","0","","","","","","","","",""
"2013 Municipal Election","MONTOUR","Judge of the Superior Court","Statewide","Democratic","MCVAY, JACK JR","1,112","0","0","","","","","","","","",""
"2013 Municipal Election","NORTHAMPTON","Justice of the Supreme Court (Retention)","Statewide","","BAER, MAX","0","15,079","10,778","","","","","","","","",""
"2013 Municipal Election","NORTHAMPTON","Justice of the Supreme Court (Retention)","Statewide","","CASTILLE, RONALD D","0","14,634","11,098","","","","","","","","",""
"2013 Municipal Election","NORTHAMPTON","Judge of the Superior Court (Retention)","Statewide","","GANTMAN, SUSAN PEIKES","0","15,573","9,305","","","","","","","","",""
"2013 Municipal Election","NORTHAMPTON","Judge of the Superior Court (Retention)","Statewide","","PANELLA, JACK","0","18,424","8,037","","","","","","","","",""
"2013 Municipal Election","NORTHAMPTON","Judge of the Superior Court","Statewide","Republican","STABILE, VIC","17,030","0","0","","","","","","","","",""
"2013 Municipal Election","NORTHAMPTON","Judge of the Superior Court","Statewide","Democratic","MCVAY, JACK JR","15,534","0","0","","","","","","","","",""
"2013 Municipal Election","NORTHAMPTON","Judge of the Court of Common Pleas (Retention)","3rd Judicial District (Northampton County)","","GIORDANO, EMIL","0","19,035","7,641","","","","","","","","",""
"2013 Municipal Election","NORTHAMPTON","Judge of the Court of Common Pleas","3rd Judicial District (Northampton County)","Republican / Democratic","SLETVOLD, JENNIFER","31,954","0","0","","","","","","","","",""
"2013 Municipal Election","NORTHUMBERLAND","Justice of the Supreme Court (Retention)","Statewide","","BAER, MAX","0","8,815","3,842","","","","","","","","",""
"2013 Municipal Election","NORTHUMBERLAND","Justice of the Supreme Court (Retention)","Statewide","","CASTILLE, RONALD D","0","7,615","4,472","","","","","","","","",""
"2013 Municipal Election","NORTHUMBERLAND","Judge of the Superior Court (Retention)","Statewide","","GANTMAN, SUSAN PEIKES","0","7,624","4,352","","","","","","","","",""
"2013 Municipal Election","NORTHUMBERLAND","Judge of the Superior Court (Retention)","Statewide","","PANELLA, JACK","0","7,618","4,391","","","","","","","","",""
"2013 Municipal Election","NORTHUMBERLAND","Judge of the Superior Court","Statewide","Republican","STABILE, VIC","7,477","0","0","","","","","","","","",""
"2013 Municipal Election","NORTHUMBERLAND","Judge of the Superior Court","Statewide","Democratic","MCVAY, JACK JR","5,415","0","0","","","","","","","","",""
"2013 Municipal Election","PERRY","Justice of the Supreme Court (Retention)","Statewide","","BAER, MAX","0","2,880","1,978","","","","","","","","",""
"2013 Municipal Election","PERRY","Justice of the Supreme Court (Retention)","Statewide","","CASTILLE, RONALD D","0","2,928","1,970","","","","","","","","",""
"2013 Municipal Election","PERRY","Judge of the Superior Court (Retention)","Statewide","","GANTMAN, SUSAN PEIKES","0","2,828","1,967","","","","","","","","",""
"2013 Municipal Election","PERRY","Judge of the Superior Court (Retention)","Statewide","","PANELLA, JACK","0","2,862","1,959","","","","","","","","",""
"2013 Municipal Election","PERRY","Judge of the Superior Court","Statewide","Republican","STABILE, VIC","3,731","0","0","","","","","","","","",""
"2013 Municipal Election","PERRY","Judge of the Superior Court","Statewide","Democratic","MCVAY, JACK JR","1,360","0","0","","","","","","","","",""
"2013 Municipal Election","PHILADELPHIA","Justice of the Supreme Court (Retention)","Statewide","","BAER, MAX","0","46,406","13,515","","","","","","","","",""
"2013 Municipal Election","PHILADELPHIA","Justice of the Supreme Court (Retention)","Statewide","","CASTILLE, RONALD D","0","55,001","16,005","","","","","","","","",""
"2013 Municipal Election","PHILADELPHIA","Judge of the Superior Court (Retention)","Statewide","","GANTMAN, SUSAN PEIKES","0","44,449","12,894","","","","","","","","",""
"2013 Municipal Election","PHILADELPHIA","Judge of the Superior Court (Retention)","Statewide","","PANELLA, JACK","0","49,745","12,634","","","","","","","","",""
"2013 Municipal Election","PHILADELPHIA","Judge of the Superior Court","Statewide","Republican","STABILE, VIC","17,907","0","0","","","","","","","","",""
"2013 Municipal Election","PHILADELPHIA","Judge of the Superior Court","Statewide","Democratic","MCVAY, JACK JR","85,549","0","0","","","","","","","","",""
"2013 Municipal Election","PHILADELPHIA","Judge of the Court of Common Pleas (Retention)","1st Judicial District (Philadelphia County)","","ALLEN, JACQUELINE F","0","49,170","11,515","","","","","","","","",""
"2013 Municipal Election","PHILADELPHIA","Judge of the Court of Common Pleas (Retention)","1st Judicial District (Philadelphia County)","","BRINKLEY, GENECE E","0","45,007","13,477","","","","","","","","",""
"2013 Municipal Election","PHILADELPHIA","Judge of the Court of Common Pleas (Retention)","1st Judicial District (Philadelphia County)","","DJERASSI, RAMY I","0","40,796","13,979","","","","","","","","",""
"2013 Municipal Election","PHILADELPHIA","Judge of the Court of Common Pleas (Retention)","1st Judicial District (Philadelphia County)","","DUMAS, LORI A","0","46,188","11,628","","","","","","","","",""
"2013 Municipal Election","PHILADELPHIA","Judge of the Court of Common Pleas (Retention)","1st Judicial District (Philadelphia County)","","FORD, HOLLY J","0","45,054","11,784","","","","","","","","",""
"2013 Municipal Election","PHILADELPHIA","Judge of the Court of Common Pleas (Retention)","1st Judicial District (Philadelphia County)","","JOHNSON, JOEL STEVEN","0","43,773","12,623","","","","","","","","",""
"2013 Municipal Election","PHILADELPHIA","Judge of the Court of Common Pleas (Retention)","1st Judicial District (Philadelphia County)","","MASSIAH-JACKSON, FREDERICA A","0","46,134","13,277","","","","","","","","",""
"2013 Municipal Election","PHILADELPHIA","Judge of the Court of Common Pleas (Retention)","1st Judicial District (Philadelphia County)","","MEANS, RAYFORD A","0","41,464","13,334","","","","","","","","",""
"2013 Municipal Election","PHILADELPHIA","Judge of the Court of Common Pleas (Retention)","1st Judicial District (Philadelphia County)","","MINEHART, JEFFREY P","0","44,945","12,212","","","","","","","","",""
"2013 Municipal Election","PHILADELPHIA","Judge of the Court of Common Pleas (Retention)","1st Judicial District (Philadelphia County)","","O'KEEFE, JOSEPH D","0","46,289","12,076","","","","","","","","",""
"2013 Municipal Election","PHILADELPHIA","Judge of the Court of Common Pleas (Retention)","1st Judicial District (Philadelphia County)","","PATRICK, PAULA A","0","45,424","11,363","","","","","","","","",""
"2013 Municipal Election","PHILADELPHIA","Judge of the Court of Common Pleas (Retention)","1st Judicial District (Philadelphia County)","","PECHKUROW, DORIS A","0","40,996","12,760","","","","","","","","",""
"2013 Municipal Election","PHILADELPHIA","Judge of the Court of Common Pleas (Retention)","1st Judicial District (Philadelphia County)","","TERESHKO, ALLAN L","0","41,888","13,270","","","","","","","","",""
"2013 Municipal Election","PHILADELPHIA","Judge of the Court of Common Pleas (Retention)","1st Judicial District (Philadelphia County)","","WRIGHT PADILLA, NINA","0","46,691","11,724","","","","","","","","",""
"2013 Municipal Election","PHILADELPHIA","Judge of the Court of Common Pleas","1st Judicial District (Philadelphia County)","Republican / Democratic","COYLE, ANNE MARIE","91,924","0","0","","","","","","","","",""
"2013 Municipal Election","PHILADELPHIA","Judge of the Court of Common Pleas","1st Judicial District (Philadelphia County)","Republican","POWELL, KENNETH J JR","19,092","0","0","","","","","","","","",""
"2013 Municipal Election","PHILADELPHIA","Judge of the Court of Common Pleas","1st Judicial District (Philadelphia County)","Democratic","LANE, TIMIKA","77,646","0","0","","","","","","","","",""
"2013 Municipal Election","PHILADELPHIA","Judge of the Court of Common Pleas","1st Judicial District (Philadelphia County)","Democratic","FERNANDES, JOE","76,121","0","0","","","","","","","","",""
"2013 Municipal Election","PHILADELPHIA","Judge of the Court of Common Pleas","1st Judicial District (Philadelphia County)","Democratic","MCCAFFERY, DANIEL D","79,742","0","0","","","","","","","","",""
"2013 Municipal Election","PHILADELPHIA","Judge of the Court of Common Pleas","1st Judicial District (Philadelphia County)","Democratic","CAMPBELL, GIOVANNI","78,373","0","0","","","","","","","","",""
"2013 Municipal Election","PHILADELPHIA","Judge of the Court of Common Pleas","1st Judicial District (Philadelphia County)","Democratic","STREET, SIERRA THOMAS","73,633","0","0","","","","","","","","",""
"2013 Municipal Election","PHILADELPHIA","Judge of the Court of Common Pleas","1st Judicial District (Philadelphia County)","Democratic","O'KEEFE, J. SCOTT","77,148","0","0","","","","","","","","",""
"2013 Municipal Election","PHILADELPHIA","Judge of the Court of Common Pleas","1st Judicial District (Philadelphia County)","Libertarian","MILLER-MILLER, STEPHEN","7,998","0","0","","","","","","","","",""
"2013 Municipal Election","PHILADELPHIA","Judge of the Municipal Court (Retention)","1st Judicial District (Philadelphia County)","","DENI, TERESA CARR","0","46,290","13,980","","","","","","","","",""
"2013 Municipal Election","PHILADELPHIA","Judge of the Municipal Court (Retention)","1st Judicial District (Philadelphia County)","","FRAZIER-LYDE, JACQUELYN","0","46,611","16,473","","","","","","","","",""
"2013 Municipal Election","PHILADELPHIA","Judge of the Municipal Court (Retention)","1st Judicial District (Philadelphia County)","","O'NEILL, JOSEPH J","0","44,682","15,305","","","","","","","","",""
"2013 Municipal Election","PHILADELPHIA","Judge of the Municipal Court (Retention)","1st Judicial District (Philadelphia County)","","PEW, WENDY L","0","46,367","12,296","","","","","","","","",""
"2013 Municipal Election","PHILADELPHIA","Judge of the Municipal Court","1st Judicial District (Philadelphia County)","Democratic","COLEMAN, MARTIN","80,911","0","0","","","","","","","","",""
"2013 Municipal Election","PHILADELPHIA","Judge of the Municipal Court","1st Judicial District (Philadelphia County)","Democratic","LEWANDOWSKI, HENRY","76,754","0","0","","","","","","","","",""
"2013 Municipal Election","PHILADELPHIA","Judge of the Municipal Court","1st Judicial District (Philadelphia County)","Democratic","SHIELDS, FRAN","79,092","0","0","","","","","","","","",""
"2013 Municipal Election","PIKE","Justice of the Supreme Court (Retention)","Statewide","","BAER, MAX","0","4,015","1,372","","","","","","","","",""
"2013 Municipal Election","PIKE","Justice of the Supreme Court (Retention)","Statewide","","CASTILLE, RONALD D","0","3,838","1,425","","","","","","","","",""
"2013 Municipal Election","PIKE","Judge of the Superior Court (Retention)","Statewide","","GANTMAN, SUSAN PEIKES","0","3,880","1,310","","","","","","","","",""
"2013 Municipal Election","PIKE","Judge of the Superior Court (Retention)","Statewide","","PANELLA, JACK","0","3,780","1,338","","","","","","","","",""
"2013 Municipal Election","PIKE","Judge of the Superior Court","Statewide","Republican","STABILE, VIC","3,773","0","0","","","","","","","","",""
"2013 Municipal Election","PIKE","Judge of the Superior Court","Statewide","Democratic","MCVAY, JACK JR","2,254","0","0","","","","","","","","",""
"2013 Municipal Election","PIKE","Judge of the Court of Common Pleas (Retention)","60th Judicial District (Pike County)","","KAMEEN, JOSEPH F","0","4,511","1,269","","","","","","","","",""
"2013 Municipal Election","POTTER","Justice of the Supreme Court (Retention)","Statewide","","BAER, MAX","0","1,817","870","","","","","","","","",""
"2013 Municipal Election","POTTER","Justice of the Supreme Court (Retention)","Statewide","","CASTILLE, RONALD D","0","1,802","864","","","","","","","","",""
"2013 Municipal Election","POTTER","Judge of the Superior Court (Retention)","Statewide","","GANTMAN, SUSAN PEIKES","0","1,811","842","","","","","","","","",""
"2013 Municipal Election","POTTER","Judge of the Superior Court (Retention)","Statewide","","PANELLA, JACK","0","1,773","860","","","","","","","","",""
"2013 Municipal Election","POTTER","Judge of the Superior Court","Statewide","Republican","STABILE, VIC","2,055","0","0","","","","","","","","",""
"2013 Municipal Election","POTTER","Judge of the Superior Court","Statewide","Democratic","MCVAY, JACK JR","810","0","0","","","","","","","","",""
"2013 Municipal Election","SCHUYLKILL","Justice of the Supreme Court (Retention)","Statewide","","BAER, MAX","0","19,205","7,995","","","","","","","","",""
"2013 Municipal Election","SCHUYLKILL","Justice of the Supreme Court (Retention)","Statewide","","CASTILLE, RONALD D","0","17,342","9,039","","","","","","","","",""
"2013 Municipal Election","SCHUYLKILL","Judge of the Superior Court (Retention)","Statewide","","GANTMAN, SUSAN PEIKES","0","17,382","8,819","","","","","","","","",""
"2013 Municipal Election","SCHUYLKILL","Judge of the Superior Court (Retention)","Statewide","","PANELLA, JACK","0","17,178","8,921","","","","","","","","",""
"2013 Municipal Election","SCHUYLKILL","Judge of the Superior Court","Statewide","Republican","STABILE, VIC","15,114","0","0","","","","","","","","",""
"2013 Municipal Election","SCHUYLKILL","Judge of the Superior Court","Statewide","Democratic","MCVAY, JACK JR","12,366","0","0","","","","","","","","",""
"2013 Municipal Election","SCHUYLKILL","Judge of the Court of Common Pleas (Retention)","21st Judicial District (Schuylkill County)","","DOMALAKES, JOHN E","0","22,011","6,511","","","","","","","","",""
"2013 Municipal Election","SNYDER","Justice of the Supreme Court (Retention)","Statewide","","BAER, MAX","0","2,370","951","","","","","","","","",""
"2013 Municipal Election","SNYDER","Justice of the Supreme Court (Retention)","Statewide","","CASTILLE, RONALD D","0","2,147","1,074","","","","","","","","",""
"2013 Municipal Election","SNYDER","Judge of the Superior Court (Retention)","Statewide","","GANTMAN, SUSAN PEIKES","0","2,133","1,046","","","","","","","","",""
"2013 Municipal Election","SNYDER","Judge of the Superior Court (Retention)","Statewide","","PANELLA, JACK","0","2,120","1,033","","","","","","","","",""
"2013 Municipal Election","SNYDER","Judge of the Superior Court","Statewide","Republican","STABILE, VIC","3,280","0","0","","","","","","","","",""
"2013 Municipal Election","SNYDER","Judge of the Superior Court","Statewide","Democratic","MCVAY, JACK JR","1,227","0","0","","","","","","","","",""
"2013 Municipal Election","SOMERSET","Justice of the Supreme Court (Retention)","Statewide","","BAER, MAX","0","7,914","3,374","","","","","","","","",""
"2013 Municipal Election","SOMERSET","Justice of the Supreme Court (Retention)","Statewide","","CASTILLE, RONALD D","0","7,301","3,905","","","","","","","","",""
"2013 Municipal Election","SOMERSET","Judge of the Superior Court (Retention)","Statewide","","GANTMAN, SUSAN PEIKES","0","7,071","3,815","","","","","","","","",""
"2013 Municipal Election","SOMERSET","Judge of the Superior Court (Retention)","Statewide","","PANELLA, JACK","0","7,047","4,021","","","","","","","","",""
"2013 Municipal Election","SOMERSET","Judge of the Superior Court","Statewide","Republican","STABILE, VIC","7,102","0","0","","","","","","","","",""
"2013 Municipal Election","SOMERSET","Judge of the Superior Court","Statewide","Democratic","MCVAY, JACK JR","4,633","0","0","","","","","","","","",""
"2013 Municipal Election","SULLIVAN","Justice of the Supreme Court (Retention)","Statewide","","BAER, MAX","0","785","305","","","","","","","","",""
"2013 Municipal Election","SULLIVAN","Justice of the Supreme Court (Retention)","Statewide","","CASTILLE, RONALD D","0","662","374","","","","","","","","",""
"2013 Municipal Election","SULLIVAN","Judge of the Superior Court (Retention)","Statewide","","GANTMAN, SUSAN PEIKES","0","690","355","","","","","","","","",""
"2013 Municipal Election","SULLIVAN","Judge of the Superior Court (Retention)","Statewide","","PANELLA, JACK","0","673","365","","","","","","","","",""
"2013 Municipal Election","SULLIVAN","Judge of the Superior Court","Statewide","Republican","STABILE, VIC","713","0","0","","","","","","","","",""
"2013 Municipal Election","SULLIVAN","Judge of the Superior Court","Statewide","Democratic","MCVAY, JACK JR","414","0","0","","","","","","","","",""
"2013 Municipal Election","SUSQUEHANNA","Justice of the Supreme Court (Retention)","Statewide","","BAER, MAX","0","3,454","1,304","","","","","","","","",""
"2013 Municipal Election","SUSQUEHANNA","Justice of the Supreme Court (Retention)","Statewide","","CASTILLE, RONALD D","0","3,096","1,466","","","","","","","","",""
"2013 Municipal Election","SUSQUEHANNA","Judge of the Superior Court (Retention)","Statewide","","GANTMAN, SUSAN PEIKES","0","3,193","1,339","","","","","","","","",""
"2013 Municipal Election","SUSQUEHANNA","Judge of the Superior Court (Retention)","Statewide","","PANELLA, JACK","0","3,097","1,430","","","","","","","","",""
"2013 Municipal Election","SUSQUEHANNA","Judge of the Superior Court","Statewide","Republican","STABILE, VIC","3,924","0","0","","","","","","","","",""
"2013 Municipal Election","SUSQUEHANNA","Judge of the Superior Court","Statewide","Democratic","MCVAY, JACK JR","1,959","0","0","","","","","","","","",""
"2013 Municipal Election","TIOGA","Justice of the Supreme Court (Retention)","Statewide","","BAER, MAX","0","4,199","1,560","","","","","","","","",""
"2013 Municipal Election","TIOGA","Justice of the Supreme Court (Retention)","Statewide","","CASTILLE, RONALD D","0","4,172","1,559","","","","","","","","",""
"2013 Municipal Election","TIOGA","Judge of the Superior Court (Retention)","Statewide","","GANTMAN, SUSAN PEIKES","0","4,128","1,548","","","","","","","","",""
"2013 Municipal Election","TIOGA","Judge of the Superior Court (Retention)","Statewide","","PANELLA, JACK","0","4,077","1,592","","","","","","","","",""
"2013 Municipal Election","TIOGA","Judge of the Superior Court","Statewide","Republican","STABILE, VIC","4,585","0","0","","","","","","","","",""
"2013 Municipal Election","TIOGA","Judge of the Superior Court","Statewide","Democratic","MCVAY, JACK JR","1,703","0","0","","","","","","","","",""
"2013 Municipal Election","UNION","Justice of the Supreme Court (Retention)","Statewide","","BAER, MAX","0","2,998","998","","","","","","","","",""
"2013 Municipal Election","UNION","Justice of the Supreme Court (Retention)","Statewide","","CASTILLE, RONALD D","0","2,698","1,170","","","","","","","","",""
"2013 Municipal Election","UNION","Judge of the Superior Court (Retention)","Statewide","","GANTMAN, SUSAN PEIKES","0","2,704","1,130","","","","","","","","",""
"2013 Municipal Election","UNION","Judge of the Superior Court (Retention)","Statewide","","PANELLA, JACK","0","2,698","1,140","","","","","","","","",""
"2013 Municipal Election","UNION","Judge of the Superior Court","Statewide","Republican","STABILE, VIC","2,746","0","0","","","","","","","","",""
"2013 Municipal Election","UNION","Judge of the Superior Court","Statewide","Democratic","MCVAY, JACK JR","1,472","0","0","","","","","","","","",""
"2013 Municipal Election","VENANGO","Justice of the Supreme Court (Retention)","Statewide","","BAER, MAX","0","5,141","1,745","","","","","","","","",""
"2013 Municipal Election","VENANGO","Justice of the Supreme Court (Retention)","Statewide","","CASTILLE, RONALD D","0","4,725","1,977","","","","","","","","",""
"2013 Municipal Election","VENANGO","Judge of the Superior Court (Retention)","Statewide","","GANTMAN, SUSAN PEIKES","0","4,722","1,897","","","","","","","","",""
"2013 Municipal Election","VENANGO","Judge of the Superior Court (Retention)","Statewide","","PANELLA, JACK","0","4,617","1,993","","","","","","","","",""
"2013 Municipal Election","VENANGO","Judge of the Superior Court","Statewide","Republican","STABILE, VIC","4,629","0","0","","","","","","","","",""
"2013 Municipal Election","VENANGO","Judge of the Superior Court","Statewide","Democratic","MCVAY, JACK JR","2,743","0","0","","","","","","","","",""
"2013 Municipal Election","WARREN","Justice of the Supreme Court (Retention)","Statewide","","BAER, MAX","0","3,192","1,304","","","","","","","","",""
"2013 Municipal Election","WARREN","Justice of the Supreme Court (Retention)","Statewide","","CASTILLE, RONALD D","0","2,877","1,488","","","","","","","","",""
"2013 Municipal Election","WARREN","Judge of the Superior Court (Retention)","Statewide","","GANTMAN, SUSAN PEIKES","0","2,925","1,381","","","","","","","","",""
"2013 Municipal Election","WARREN","Judge of the Superior Court (Retention)","Statewide","","PANELLA, JACK","0","2,856","1,439","","","","","","","","",""
"2013 Municipal Election","WARREN","Judge of the Superior Court","Statewide","Republican","STABILE, VIC","2,938","0","0","","","","","","","","",""
"2013 Municipal Election","WARREN","Judge of the Superior Court","Statewide","Democratic","MCVAY, JACK JR","1,963","0","0","","","","","","","","",""
"2013 Municipal Election","WASHINGTON","Justice of the Supreme Court (Retention)","Statewide","","BAER, MAX","0","16,115","9,457","","","","","","","","",""
"2013 Municipal Election","WASHINGTON","Justice of the Supreme Court (Retention)","Statewide","","CASTILLE, RONALD D","0","18,118","8,241","","","","","","","","",""
"2013 Municipal Election","WASHINGTON","Judge of the Superior Court (Retention)","Statewide","","GANTMAN, SUSAN PEIKES","0","16,394","9,379","","","","","","","","",""
"2013 Municipal Election","WASHINGTON","Judge of the Superior Court (Retention)","Statewide","","PANELLA, JACK","0","15,842","9,357","","","","","","","","",""
"2013 Municipal Election","WASHINGTON","Judge of the Superior Court","Statewide","Republican","STABILE, VIC","13,551","0","0","","","","","","","","",""
"2013 Municipal Election","WASHINGTON","Judge of the Superior Court","Statewide","Democratic","MCVAY, JACK JR","14,531","0","0","","","","","","","","",""
"2013 Municipal Election","WASHINGTON","Judge of the Court of Common Pleas","27th Judicial District (Washington County)","Republican / Democratic","COSTANZO, VALARIE","20,517","0","0","","","","","","","","",""
"2013 Municipal Election","WASHINGTON","Judge of the Court of Common Pleas","27th Judicial District (Washington County)","Republican / Democratic","LUCAS, MIKE","19,776","0","0","","","","","","","","",""
"2013 Municipal Election","WAYNE","Justice of the Supreme Court (Retention)","Statewide","","BAER, MAX","0","3,560","1,272","","","","","","","","",""
"2013 Municipal Election","WAYNE","Justice of the Supreme Court (Retention)","Statewide","","CASTILLE, RONALD D","0","3,079","1,488","","","","","","","","",""
"2013 Municipal Election","WAYNE","Judge of the Superior Court (Retention)","Statewide","","GANTMAN, SUSAN PEIKES","0","3,214","1,345","","","","","","","","",""
"2013 Municipal Election","WAYNE","Judge of the Superior Court (Retention)","Statewide","","PANELLA, JACK","0","3,082","1,448","","","","","","","","",""
"2013 Municipal Election","WAYNE","Judge of the Superior Court","Statewide","Republican","STABILE, VIC","3,981","0","0","","","","","","","","",""
"2013 Municipal Election","WAYNE","Judge of the Superior Court","Statewide","Democratic","MCVAY, JACK JR","2,017","0","0","","","","","","","","",""
"2013 Municipal Election","WESTMORELAND","Justice of the Supreme Court (Retention)","Statewide","","BAER, MAX","0","35,119","16,125","","","","","","","","",""
"2013 Municipal Election","WESTMORELAND","Justice of the Supreme Court (Retention)","Statewide","","CASTILLE, RONALD D","0","32,856","17,304","","","","","","","","",""
"2013 Municipal Election","WESTMORELAND","Judge of the Superior Court (Retention)","Statewide","","GANTMAN, SUSAN PEIKES","0","31,659","17,528","","","","","","","","",""
"2013 Municipal Election","WESTMORELAND","Judge of the Superior Court (Retention)","Statewide","","PANELLA, JACK","0","31,048","17,993","","","","","","","","",""
"2013 Municipal Election","WESTMORELAND","Judge of the Superior Court","Statewide","Republican","STABILE, VIC","31,779","0","0","","","","","","","","",""
"2013 Municipal Election","WESTMORELAND","Judge of the Superior Court","Statewide","Democratic","MCVAY, JACK JR","23,914","0","0","","","","","","","","",""
"2013 Municipal Election","WESTMORELAND","Judge of the Court of Common Pleas (Retention)","10th Judicial District (Westmoreland County)","","FELICIANI, CHRISTOPHER A","0","36,367","15,430","","","","","","","","",""
"2013 Municipal Election","WESTMORELAND","Judge of the Court of Common Pleas","10th Judicial District (Westmoreland County)","Republican / Democratic","DEFAZIO, MEAGAN BILIK","50,774","0","0","","","","","","","","",""
"2013 Municipal Election","WYOMING","Justice of the Supreme Court (Retention)","Statewide","","BAER, MAX","0","3,353","1,278","","","","","","","","",""
"2013 Municipal Election","WYOMING","Justice of the Supreme Court (Retention)","Statewide","","CASTILLE, RONALD D","0","2,992","1,508","","","","","","","","",""
"2013 Municipal Election","WYOMING","Judge of the Superior Court (Retention)","Statewide","","GANTMAN, SUSAN PEIKES","0","3,032","1,446","","","","","","","","",""
"2013 Municipal Election","WYOMING","Judge of the Superior Court (Retention)","Statewide","","PANELLA, JACK","0","3,008","1,476","","","","","","","","",""
"2013 Municipal Election","WYOMING","Judge of the Superior Court","Statewide","Republican","STABILE, VIC","3,078","0","0","","","","","","","","",""
"2013 Municipal Election","WYOMING","Judge of the Superior Court","Statewide","Democratic","MCVAY, JACK JR","1,664","0","0","","","","","","","","",""
"2013 Municipal Election","YORK","Justice of the Supreme Court (Retention)","Statewide","","BAER, MAX","0","30,698","12,127","","","","","","","","",""
"2013 Municipal Election","YORK","Justice of the Supreme Court (Retention)","Statewide","","CASTILLE, RONALD D","0","30,931","12,060","","","","","","","","",""
"2013 Municipal Election","YORK","Judge of the Superior Court (Retention)","Statewide","","GANTMAN, SUSAN PEIKES","0","30,402","11,738","","","","","","","","",""
"2013 Municipal Election","YORK","Judge of the Superior Court (Retention)","Statewide","","PANELLA, JACK","0","29,856","12,254","","","","","","","","",""
"2013 Municipal Election","YORK","Judge of the Superior Court","Statewide","Republican","STABILE, VIC","29,965","0","0","","","","","","","","",""
"2013 Municipal Election","YORK","Judge of the Superior Court","Statewide","Democratic","MCVAY, JACK JR","16,637","0","0","","","","","","","","",""
"2013 Municipal Election","YORK","Judge of the Court of Common Pleas (Retention)","19th Judicial District (York County)","","BORTNER, MICHAEL E","0","32,659","11,759","","","","","","","","",""
"2013 Municipal Election","YORK","Judge of the Court of Common Pleas (Retention)","19th Judicial District (York County)","","KELLEY, TOM","0","32,049","12,262","","","","","","","","",""
"2013 Municipal Election","YORK","Judge of the Court of Common Pleas","19th Judicial District (York County)","Republican","PLATTS, TODD","28,964","0","0","","","","","","","","",""
"2013 Municipal Election","YORK","Judge of the Court of Common Pleas","19th Judicial District (York County)","Democratic","FLANNELLY, MICHAEL W","20,755","0","0","","","","","","","","",""
